Run	Copy_number	Feature	Average_distance_to_nearest_feature	Standard_deviation	#_of_times_shuffled_average_was_below_real_average
0	3x	open_chromatin_state_2	2064.2	3172.5	.
1	3x	open_chromatin_state_2	20661.7	74230.4	0
2	3x	open_chromatin_state_2	5704.7	14189.4	0
3	3x	open_chromatin_state_2	4873.3	8504.4	0
4	3x	open_chromatin_state_2	18787.2	89609.1	0
5	3x	open_chromatin_state_2	29615.3	108437.8	0
6	3x	open_chromatin_state_2	19849.6	75892.7	0
7	3x	open_chromatin_state_2	3444.7	5126.1	0
8	3x	open_chromatin_state_2	15414.9	77064.1	0
9	3x	open_chromatin_state_2	21561.2	78785.6	0
10	3x	open_chromatin_state_2	7109.5	17370.9	0
11	3x	open_chromatin_state_2	42855.2	116780.6	0
12	3x	open_chromatin_state_2	4272.2	5909.0	0
13	3x	open_chromatin_state_2	22125.9	68021.0	0
14	3x	open_chromatin_state_2	3052.1	3056.7	0
15	3x	open_chromatin_state_2	30052.6	109075.7	0
16	3x	open_chromatin_state_2	32261.8	115910.7	0
17	3x	open_chromatin_state_2	12469.3	61546.6	0
18	3x	open_chromatin_state_2	3742.5	5374.9	0
19	3x	open_chromatin_state_2	22237.1	94224.1	0
20	3x	open_chromatin_state_2	8610.7	17332.9	0
21	3x	open_chromatin_state_2	26736.2	91650.4	0
22	3x	open_chromatin_state_2	37859.0	103076.0	0
23	3x	open_chromatin_state_2	13162.1	50981.2	0
24	3x	open_chromatin_state_2	14320.6	57041.6	0
25	3x	open_chromatin_state_2	7204.7	17921.9	0
26	3x	open_chromatin_state_2	14476.7	55898.7	0
27	3x	open_chromatin_state_2	22694.5	96901.4	0
28	3x	open_chromatin_state_2	12061.3	42621.1	0
29	3x	open_chromatin_state_2	14294.9	75441.5	0
30	3x	open_chromatin_state_2	26144.2	99753.1	0
31	3x	open_chromatin_state_2	23813.1	94140.8	0
32	3x	open_chromatin_state_2	26752.5	104951.3	0
33	3x	open_chromatin_state_2	12223.0	40103.1	0
34	3x	open_chromatin_state_2	3242.4	4485.8	0
35	3x	open_chromatin_state_2	13779.9	52489.9	0
36	3x	open_chromatin_state_2	16823.2	84404.3	0
37	3x	open_chromatin_state_2	18609.8	91800.6	0
38	3x	open_chromatin_state_2	20443.3	94785.0	0
39	3x	open_chromatin_state_2	21983.3	67961.4	0
40	3x	open_chromatin_state_2	19386.6	86222.8	0
41	3x	open_chromatin_state_2	5778.1	10846.4	0
42	3x	open_chromatin_state_2	12035.9	56058.7	0
43	3x	open_chromatin_state_2	8937.4	33478.6	0
44	3x	open_chromatin_state_2	13802.6	60971.6	0
45	3x	open_chromatin_state_2	13532.9	66066.0	0
46	3x	open_chromatin_state_2	17320.4	65189.5	0
47	3x	open_chromatin_state_2	11756.5	54313.1	0
48	3x	open_chromatin_state_2	4937.4	12690.6	0
49	3x	open_chromatin_state_2	19335.3	72192.8	0
50	3x	open_chromatin_state_2	16708.5	40103.8	0
51	3x	open_chromatin_state_2	34176.4	120136.3	0
52	3x	open_chromatin_state_2	40739.7	125253.8	0
53	3x	open_chromatin_state_2	4731.9	7745.5	0
54	3x	open_chromatin_state_2	4062.9	6022.6	0
55	3x	open_chromatin_state_2	17366.5	56621.0	0
56	3x	open_chromatin_state_2	27826.5	101000.3	0
57	3x	open_chromatin_state_2	3595.2	3827.8	0
58	3x	open_chromatin_state_2	16196.7	51294.6	0
59	3x	open_chromatin_state_2	31860.9	119128.0	0
60	3x	open_chromatin_state_2	50302.0	152743.7	0
61	3x	open_chromatin_state_2	3636.9	4592.9	0
62	3x	open_chromatin_state_2	15541.9	61924.2	0
63	3x	open_chromatin_state_2	4502.1	9504.1	0
64	3x	open_chromatin_state_2	16574.2	83336.1	0
65	3x	open_chromatin_state_2	19600.8	47456.2	0
66	3x	open_chromatin_state_2	11589.1	36989.3	0
67	3x	open_chromatin_state_2	4035.9	5498.4	0
68	3x	open_chromatin_state_2	28341.2	109560.0	0
69	3x	open_chromatin_state_2	10348.0	50077.6	0
70	3x	open_chromatin_state_2	7679.8	23754.9	0
71	3x	open_chromatin_state_2	67478.2	163494.1	0
72	3x	open_chromatin_state_2	38485.0	126758.0	0
73	3x	open_chromatin_state_2	5259.5	9518.0	0
74	3x	open_chromatin_state_2	3219.8	3160.9	0
75	3x	open_chromatin_state_2	23257.1	69939.6	0
76	3x	open_chromatin_state_2	14515.1	47271.4	0
77	3x	open_chromatin_state_2	42769.3	136091.7	0
78	3x	open_chromatin_state_2	15185.5	61455.8	0
79	3x	open_chromatin_state_2	13863.9	48134.1	0
80	3x	open_chromatin_state_2	4674.2	6070.8	0
81	3x	open_chromatin_state_2	14571.1	64747.3	0
82	3x	open_chromatin_state_2	11310.2	42205.8	0
83	3x	open_chromatin_state_2	19202.2	66297.0	0
84	3x	open_chromatin_state_2	9644.2	28934.7	0
85	3x	open_chromatin_state_2	12015.7	40126.7	0
86	3x	open_chromatin_state_2	22494.6	84766.5	0
87	3x	open_chromatin_state_2	11496.0	58804.8	0
88	3x	open_chromatin_state_2	15957.9	47453.3	0
89	3x	open_chromatin_state_2	43361.0	130121.3	0
90	3x	open_chromatin_state_2	27423.8	93980.7	0
91	3x	open_chromatin_state_2	6126.2	26746.7	0
92	3x	open_chromatin_state_2	19984.7	70711.4	0
93	3x	open_chromatin_state_2	6158.6	14825.6	0
94	3x	open_chromatin_state_2	28161.7	93153.7	0
95	3x	open_chromatin_state_2	37945.5	123695.7	0
96	3x	open_chromatin_state_2	20814.8	92467.8	0
97	3x	open_chromatin_state_2	23677.4	78582.7	0
98	3x	open_chromatin_state_2	40731.5	125617.4	0
99	3x	open_chromatin_state_2	22346.5	74025.8	0
100	3x	open_chromatin_state_2	5128.0	7800.9	0
101	3x	open_chromatin_state_2	15572.9	75402.2	0
102	3x	open_chromatin_state_2	21267.4	82531.4	0
103	3x	open_chromatin_state_2	18399.9	90301.4	0
104	3x	open_chromatin_state_2	14253.3	70671.6	0
105	3x	open_chromatin_state_2	14320.1	62324.5	0
106	3x	open_chromatin_state_2	23930.7	88116.1	0
107	3x	open_chromatin_state_2	13698.8	48679.8	0
108	3x	open_chromatin_state_2	34440.2	109939.5	0
109	3x	open_chromatin_state_2	7023.4	18075.7	0
110	3x	open_chromatin_state_2	12736.6	61752.0	0
111	3x	open_chromatin_state_2	16317.7	61862.5	0
112	3x	open_chromatin_state_2	30003.9	122591.0	0
113	3x	open_chromatin_state_2	5579.1	13296.1	0
114	3x	open_chromatin_state_2	15084.6	56322.2	0
115	3x	open_chromatin_state_2	16817.1	70771.1	0
116	3x	open_chromatin_state_2	41142.8	140695.2	0
117	3x	open_chromatin_state_2	41352.7	130128.8	0
118	3x	open_chromatin_state_2	7703.5	32456.2	0
119	3x	open_chromatin_state_2	6513.9	14166.5	0
120	3x	open_chromatin_state_2	30247.1	118503.2	0
121	3x	open_chromatin_state_2	36085.1	112307.6	0
122	3x	open_chromatin_state_2	12880.1	57363.2	0
123	3x	open_chromatin_state_2	17159.2	61011.8	0
124	3x	open_chromatin_state_2	29931.1	101562.0	0
125	3x	open_chromatin_state_2	12173.5	32250.9	0
126	3x	open_chromatin_state_2	18482.4	84321.9	0
127	3x	open_chromatin_state_2	17539.1	67325.9	0
128	3x	open_chromatin_state_2	6749.2	18313.4	0
129	3x	open_chromatin_state_2	31631.5	95738.3	0
130	3x	open_chromatin_state_2	40030.2	134793.7	0
131	3x	open_chromatin_state_2	3313.9	5006.7	0
132	3x	open_chromatin_state_2	17187.8	63637.5	0
133	3x	open_chromatin_state_2	5983.4	17808.9	0
134	3x	open_chromatin_state_2	14248.4	51171.8	0
135	3x	open_chromatin_state_2	18644.0	72218.7	0
136	3x	open_chromatin_state_2	23813.6	78689.1	0
137	3x	open_chromatin_state_2	14936.6	52743.8	0
138	3x	open_chromatin_state_2	17584.9	69433.2	0
139	3x	open_chromatin_state_2	15588.9	71797.1	0
140	3x	open_chromatin_state_2	12398.3	37930.0	0
141	3x	open_chromatin_state_2	4031.4	7503.7	0
142	3x	open_chromatin_state_2	4632.8	6955.7	0
143	3x	open_chromatin_state_2	11569.7	56482.1	0
144	3x	open_chromatin_state_2	7007.4	17808.8	0
145	3x	open_chromatin_state_2	48734.7	126074.5	0
146	3x	open_chromatin_state_2	18842.5	73766.7	0
147	3x	open_chromatin_state_2	12227.4	64300.6	0
148	3x	open_chromatin_state_2	13280.1	62525.6	0
149	3x	open_chromatin_state_2	3180.1	4238.0	0
150	3x	open_chromatin_state_2	41627.1	149209.1	0
151	3x	open_chromatin_state_2	23864.8	90391.1	0
152	3x	open_chromatin_state_2	18163.0	69309.5	0
153	3x	open_chromatin_state_2	40912.9	137528.6	0
154	3x	open_chromatin_state_2	27630.3	86420.7	0
155	3x	open_chromatin_state_2	10842.9	50579.9	0
156	3x	open_chromatin_state_2	52754.9	150139.9	0
157	3x	open_chromatin_state_2	11185.0	43392.5	0
158	3x	open_chromatin_state_2	8314.5	17438.0	0
159	3x	open_chromatin_state_2	5494.4	12241.8	0
160	3x	open_chromatin_state_2	16070.9	91497.8	0
161	3x	open_chromatin_state_2	39136.3	140119.1	0
162	3x	open_chromatin_state_2	18315.6	60847.3	0
163	3x	open_chromatin_state_2	3246.9	5361.8	0
164	3x	open_chromatin_state_2	22024.6	87155.8	0
165	3x	open_chromatin_state_2	2613.4	3077.2	0
166	3x	open_chromatin_state_2	48354.7	145627.9	0
167	3x	open_chromatin_state_2	18704.0	96017.8	0
168	3x	open_chromatin_state_2	26836.2	83968.1	0
169	3x	open_chromatin_state_2	27606.9	116284.7	0
170	3x	open_chromatin_state_2	32930.3	117389.5	0
171	3x	open_chromatin_state_2	29702.6	99950.2	0
172	3x	open_chromatin_state_2	28772.7	102239.5	0
173	3x	open_chromatin_state_2	2882.0	6416.9	0
174	3x	open_chromatin_state_2	16708.1	93294.1	0
175	3x	open_chromatin_state_2	11820.0	26571.4	0
176	3x	open_chromatin_state_2	26099.9	85477.3	0
177	3x	open_chromatin_state_2	21215.1	77697.1	0
178	3x	open_chromatin_state_2	20916.6	76845.6	0
179	3x	open_chromatin_state_2	25362.7	96609.2	0
180	3x	open_chromatin_state_2	15863.5	54811.5	0
181	3x	open_chromatin_state_2	25337.9	78991.3	0
182	3x	open_chromatin_state_2	8690.7	32415.7	0
183	3x	open_chromatin_state_2	29384.8	123524.0	0
184	3x	open_chromatin_state_2	10545.1	34897.3	0
185	3x	open_chromatin_state_2	45500.0	126221.6	0
186	3x	open_chromatin_state_2	14839.5	46648.7	0
187	3x	open_chromatin_state_2	14641.3	70101.7	0
188	3x	open_chromatin_state_2	30577.2	97402.6	0
189	3x	open_chromatin_state_2	45064.5	143082.3	0
190	3x	open_chromatin_state_2	11059.4	42614.9	0
191	3x	open_chromatin_state_2	33413.0	114560.9	0
192	3x	open_chromatin_state_2	34689.2	101743.4	0
193	3x	open_chromatin_state_2	9387.4	45650.8	0
194	3x	open_chromatin_state_2	20610.8	94803.7	0
195	3x	open_chromatin_state_2	31823.9	115881.2	0
196	3x	open_chromatin_state_2	15215.4	48810.0	0
197	3x	open_chromatin_state_2	4278.3	7471.0	0
198	3x	open_chromatin_state_2	21266.8	85001.4	0
199	3x	open_chromatin_state_2	14349.1	43946.1	0
200	3x	open_chromatin_state_2	16449.1	76894.3	0
201	3x	open_chromatin_state_2	24812.4	77220.2	0
202	3x	open_chromatin_state_2	10673.2	51825.4	0
203	3x	open_chromatin_state_2	5929.8	15085.7	0
204	3x	open_chromatin_state_2	6032.1	14692.4	0
205	3x	open_chromatin_state_2	22342.9	75619.1	0
206	3x	open_chromatin_state_2	15782.8	59892.2	0
207	3x	open_chromatin_state_2	2200.7	3248.6	0
208	3x	open_chromatin_state_2	3182.2	5748.2	0
209	3x	open_chromatin_state_2	12094.7	65762.4	0
210	3x	open_chromatin_state_2	21401.1	82208.1	0
211	3x	open_chromatin_state_2	4371.3	7322.8	0
212	3x	open_chromatin_state_2	8241.4	21619.1	0
213	3x	open_chromatin_state_2	22663.2	94749.5	0
214	3x	open_chromatin_state_2	30121.3	88856.5	0
215	3x	open_chromatin_state_2	14637.2	48906.7	0
216	3x	open_chromatin_state_2	21814.0	90219.6	0
217	3x	open_chromatin_state_2	3404.3	8432.5	0
218	3x	open_chromatin_state_2	26058.9	110702.3	0
219	3x	open_chromatin_state_2	31649.7	106174.6	0
220	3x	open_chromatin_state_2	7182.6	19606.9	0
221	3x	open_chromatin_state_2	62993.6	162315.7	0
222	3x	open_chromatin_state_2	41292.3	125344.5	0
223	3x	open_chromatin_state_2	14486.9	56095.6	0
224	3x	open_chromatin_state_2	11741.0	52756.0	0
225	3x	open_chromatin_state_2	27102.8	117568.0	0
226	3x	open_chromatin_state_2	8013.4	18009.2	0
227	3x	open_chromatin_state_2	5415.5	9885.5	0
228	3x	open_chromatin_state_2	13062.6	41830.1	0
229	3x	open_chromatin_state_2	4736.0	11426.3	0
230	3x	open_chromatin_state_2	14128.2	79591.3	0
231	3x	open_chromatin_state_2	15736.3	52329.8	0
232	3x	open_chromatin_state_2	2739.8	3659.9	0
233	3x	open_chromatin_state_2	3895.9	7408.7	0
234	3x	open_chromatin_state_2	8010.2	23702.5	0
235	3x	open_chromatin_state_2	32244.3	105479.1	0
236	3x	open_chromatin_state_2	5513.7	10190.5	0
237	3x	open_chromatin_state_2	6037.4	14745.0	0
238	3x	open_chromatin_state_2	4573.2	6174.2	0
239	3x	open_chromatin_state_2	35025.5	122313.5	0
240	3x	open_chromatin_state_2	26615.8	96318.2	0
241	3x	open_chromatin_state_2	8413.1	40763.3	0
242	3x	open_chromatin_state_2	5609.9	7894.6	0
243	3x	open_chromatin_state_2	17116.2	81264.3	0
244	3x	open_chromatin_state_2	27611.7	87918.4	0
245	3x	open_chromatin_state_2	14727.1	80660.6	0
246	3x	open_chromatin_state_2	38445.5	139843.7	0
247	3x	open_chromatin_state_2	14852.5	73515.5	0
248	3x	open_chromatin_state_2	19760.3	72250.6	0
249	3x	open_chromatin_state_2	27988.2	108920.5	0
250	3x	open_chromatin_state_2	24166.1	91955.6	0
251	3x	open_chromatin_state_2	9072.2	37778.1	0
252	3x	open_chromatin_state_2	26676.0	99314.3	0
253	3x	open_chromatin_state_2	4596.6	10831.0	0
254	3x	open_chromatin_state_2	36748.2	113253.6	0
255	3x	open_chromatin_state_2	38581.5	135992.4	0
256	3x	open_chromatin_state_2	26705.8	92527.8	0
257	3x	open_chromatin_state_2	14700.4	77179.6	0
258	3x	open_chromatin_state_2	16667.4	55922.0	0
259	3x	open_chromatin_state_2	18186.0	90422.1	0
260	3x	open_chromatin_state_2	35175.5	114491.1	0
261	3x	open_chromatin_state_2	5099.7	9573.8	0
262	3x	open_chromatin_state_2	14937.1	73077.7	0
263	3x	open_chromatin_state_2	27168.8	111130.1	0
264	3x	open_chromatin_state_2	13110.5	40386.9	0
265	3x	open_chromatin_state_2	36339.4	121276.0	0
266	3x	open_chromatin_state_2	20021.9	74796.7	0
267	3x	open_chromatin_state_2	5118.7	6940.6	0
268	3x	open_chromatin_state_2	5593.1	14740.8	0
269	3x	open_chromatin_state_2	13777.7	47645.2	0
270	3x	open_chromatin_state_2	15136.3	49855.6	0
271	3x	open_chromatin_state_2	20645.2	86629.2	0
272	3x	open_chromatin_state_2	14849.0	52447.4	0
273	3x	open_chromatin_state_2	16970.7	82794.9	0
274	3x	open_chromatin_state_2	33211.7	112027.7	0
275	3x	open_chromatin_state_2	14865.8	55939.4	0
276	3x	open_chromatin_state_2	18410.6	91301.8	0
277	3x	open_chromatin_state_2	34725.3	113893.8	0
278	3x	open_chromatin_state_2	10050.1	29637.3	0
279	3x	open_chromatin_state_2	28050.9	110948.1	0
280	3x	open_chromatin_state_2	26391.4	103550.6	0
281	3x	open_chromatin_state_2	9081.6	34931.1	0
282	3x	open_chromatin_state_2	7465.2	21196.5	0
283	3x	open_chromatin_state_2	11918.3	45098.9	0
284	3x	open_chromatin_state_2	23956.1	89172.8	0
285	3x	open_chromatin_state_2	67050.5	167869.6	0
286	3x	open_chromatin_state_2	17351.2	74652.2	0
287	3x	open_chromatin_state_2	24338.0	98820.7	0
288	3x	open_chromatin_state_2	14805.0	59840.7	0
289	3x	open_chromatin_state_2	42472.1	129178.6	0
290	3x	open_chromatin_state_2	18254.2	62022.1	0
291	3x	open_chromatin_state_2	11819.3	52578.9	0
292	3x	open_chromatin_state_2	12963.0	41270.1	0
293	3x	open_chromatin_state_2	12516.3	30893.8	0
294	3x	open_chromatin_state_2	31088.7	106702.4	0
295	3x	open_chromatin_state_2	16894.5	87933.6	0
296	3x	open_chromatin_state_2	44239.0	139592.5	0
297	3x	open_chromatin_state_2	12623.9	47262.4	0
298	3x	open_chromatin_state_2	8596.9	28036.2	0
299	3x	open_chromatin_state_2	4229.9	6885.8	0
300	3x	open_chromatin_state_2	46268.7	129937.3	0
301	3x	open_chromatin_state_2	8308.7	31734.3	0
302	3x	open_chromatin_state_2	5338.4	7257.2	0
303	3x	open_chromatin_state_2	13379.5	35267.1	0
304	3x	open_chromatin_state_2	3490.8	3686.0	0
305	3x	open_chromatin_state_2	27501.2	108913.8	0
306	3x	open_chromatin_state_2	29042.8	108748.0	0
307	3x	open_chromatin_state_2	14243.5	69909.4	0
308	3x	open_chromatin_state_2	4091.5	6927.5	0
309	3x	open_chromatin_state_2	33861.4	129020.9	0
310	3x	open_chromatin_state_2	5766.3	21511.2	0
311	3x	open_chromatin_state_2	27586.4	106315.2	0
312	3x	open_chromatin_state_2	20083.2	91415.6	0
313	3x	open_chromatin_state_2	17759.4	89852.8	0
314	3x	open_chromatin_state_2	32717.6	119329.8	0
315	3x	open_chromatin_state_2	17738.3	75439.6	0
316	3x	open_chromatin_state_2	23272.2	98366.5	0
317	3x	open_chromatin_state_2	39499.6	121475.4	0
318	3x	open_chromatin_state_2	18225.9	76196.7	0
319	3x	open_chromatin_state_2	8772.8	35600.6	0
320	3x	open_chromatin_state_2	7852.7	27779.7	0
321	3x	open_chromatin_state_2	35484.2	99293.1	0
322	3x	open_chromatin_state_2	19004.1	79416.6	0
323	3x	open_chromatin_state_2	3309.5	3976.6	0
324	3x	open_chromatin_state_2	33930.2	111787.9	0
325	3x	open_chromatin_state_2	5114.4	9995.6	0
326	3x	open_chromatin_state_2	10047.6	28421.9	0
327	3x	open_chromatin_state_2	35302.0	121291.6	0
328	3x	open_chromatin_state_2	38021.8	105921.1	0
329	3x	open_chromatin_state_2	7272.8	18870.5	0
330	3x	open_chromatin_state_2	6461.3	20323.0	0
331	3x	open_chromatin_state_2	19726.5	80383.5	0
332	3x	open_chromatin_state_2	7845.0	28698.8	0
333	3x	open_chromatin_state_2	11138.8	49601.5	0
334	3x	open_chromatin_state_2	21090.8	80753.5	0
335	3x	open_chromatin_state_2	10241.5	27726.7	0
336	3x	open_chromatin_state_2	16383.4	78413.7	0
337	3x	open_chromatin_state_2	37359.9	118347.6	0
338	3x	open_chromatin_state_2	40405.4	127073.8	0
339	3x	open_chromatin_state_2	33478.2	121321.8	0
340	3x	open_chromatin_state_2	10564.3	34607.4	0
341	3x	open_chromatin_state_2	14995.9	66100.0	0
342	3x	open_chromatin_state_2	9872.4	47375.2	0
343	3x	open_chromatin_state_2	30257.7	97245.7	0
344	3x	open_chromatin_state_2	35082.0	117760.9	0
345	3x	open_chromatin_state_2	6795.5	21368.6	0
346	3x	open_chromatin_state_2	32047.1	127252.0	0
347	3x	open_chromatin_state_2	15467.8	58292.5	0
348	3x	open_chromatin_state_2	18329.9	76205.1	0
349	3x	open_chromatin_state_2	22805.1	95671.6	0
350	3x	open_chromatin_state_2	14959.9	51612.8	0
351	3x	open_chromatin_state_2	33270.8	116337.1	0
352	3x	open_chromatin_state_2	23437.0	82993.2	0
353	3x	open_chromatin_state_2	6587.1	21343.8	0
354	3x	open_chromatin_state_2	21340.0	81318.0	0
355	3x	open_chromatin_state_2	28383.7	106119.2	0
356	3x	open_chromatin_state_2	17916.2	84250.5	0
357	3x	open_chromatin_state_2	12921.4	45905.5	0
358	3x	open_chromatin_state_2	20219.7	98155.9	0
359	3x	open_chromatin_state_2	16552.5	65580.9	0
360	3x	open_chromatin_state_2	24638.9	82840.0	0
361	3x	open_chromatin_state_2	36489.2	106103.1	0
362	3x	open_chromatin_state_2	27061.1	98995.0	0
363	3x	open_chromatin_state_2	22052.7	55204.7	0
364	3x	open_chromatin_state_2	18206.0	76457.9	0
365	3x	open_chromatin_state_2	4485.9	12226.2	0
366	3x	open_chromatin_state_2	10312.5	46424.0	0
367	3x	open_chromatin_state_2	48456.0	144231.5	0
368	3x	open_chromatin_state_2	13716.0	59840.2	0
369	3x	open_chromatin_state_2	3393.2	3992.5	0
370	3x	open_chromatin_state_2	12938.5	61000.7	0
371	3x	open_chromatin_state_2	27623.1	96844.8	0
372	3x	open_chromatin_state_2	23592.0	89996.2	0
373	3x	open_chromatin_state_2	6853.2	16884.3	0
374	3x	open_chromatin_state_2	7012.7	11597.1	0
375	3x	open_chromatin_state_2	42853.3	120651.6	0
376	3x	open_chromatin_state_2	17099.2	61733.5	0
377	3x	open_chromatin_state_2	52753.7	149976.7	0
378	3x	open_chromatin_state_2	4804.3	9206.4	0
379	3x	open_chromatin_state_2	11881.9	51503.6	0
380	3x	open_chromatin_state_2	43065.5	127179.3	0
381	3x	open_chromatin_state_2	22994.7	66384.9	0
382	3x	open_chromatin_state_2	21553.7	71289.5	0
383	3x	open_chromatin_state_2	43523.4	131907.9	0
384	3x	open_chromatin_state_2	14115.9	62308.9	0
385	3x	open_chromatin_state_2	4886.9	7917.4	0
386	3x	open_chromatin_state_2	18592.2	88621.6	0
387	3x	open_chromatin_state_2	21852.5	93129.0	0
388	3x	open_chromatin_state_2	16327.5	89878.9	0
389	3x	open_chromatin_state_2	8116.3	22716.4	0
390	3x	open_chromatin_state_2	28188.0	106723.5	0
391	3x	open_chromatin_state_2	9352.7	47743.5	0
392	3x	open_chromatin_state_2	5302.0	17435.2	0
393	3x	open_chromatin_state_2	21004.0	77150.5	0
394	3x	open_chromatin_state_2	16201.7	59780.3	0
395	3x	open_chromatin_state_2	6341.4	18063.3	0
396	3x	open_chromatin_state_2	19359.6	80968.2	0
397	3x	open_chromatin_state_2	38381.1	119226.5	0
398	3x	open_chromatin_state_2	11317.7	37054.5	0
399	3x	open_chromatin_state_2	17282.7	78241.2	0
400	3x	open_chromatin_state_2	32736.7	107927.2	0
401	3x	open_chromatin_state_2	8632.1	27154.5	0
402	3x	open_chromatin_state_2	14265.9	53585.6	0
403	3x	open_chromatin_state_2	17488.2	67863.2	0
404	3x	open_chromatin_state_2	9214.8	23184.9	0
405	3x	open_chromatin_state_2	23116.2	97331.2	0
406	3x	open_chromatin_state_2	13750.2	36627.7	0
407	3x	open_chromatin_state_2	29742.5	100878.1	0
408	3x	open_chromatin_state_2	38825.9	123677.3	0
409	3x	open_chromatin_state_2	15226.9	81025.2	0
410	3x	open_chromatin_state_2	18870.9	70884.5	0
411	3x	open_chromatin_state_2	13603.0	37665.3	0
412	3x	open_chromatin_state_2	17148.2	67006.7	0
413	3x	open_chromatin_state_2	14131.8	52924.5	0
414	3x	open_chromatin_state_2	3497.5	6286.9	0
415	3x	open_chromatin_state_2	22268.1	77073.0	0
416	3x	open_chromatin_state_2	34167.0	123289.4	0
417	3x	open_chromatin_state_2	45744.5	148188.6	0
418	3x	open_chromatin_state_2	14492.2	70817.5	0
419	3x	open_chromatin_state_2	17412.1	70385.6	0
420	3x	open_chromatin_state_2	23811.4	82961.6	0
421	3x	open_chromatin_state_2	23970.7	92553.4	0
422	3x	open_chromatin_state_2	15003.2	72809.2	0
423	3x	open_chromatin_state_2	30339.6	95290.1	0
424	3x	open_chromatin_state_2	26576.4	90224.2	0
425	3x	open_chromatin_state_2	6206.2	15612.5	0
426	3x	open_chromatin_state_2	10488.2	43906.2	0
427	3x	open_chromatin_state_2	3277.8	5912.6	0
428	3x	open_chromatin_state_2	3960.9	4765.7	0
429	3x	open_chromatin_state_2	19766.4	80466.7	0
430	3x	open_chromatin_state_2	10714.8	52939.8	0
431	3x	open_chromatin_state_2	25092.3	90304.4	0
432	3x	open_chromatin_state_2	11154.4	52020.8	0
433	3x	open_chromatin_state_2	17862.2	56148.6	0
434	3x	open_chromatin_state_2	37664.1	136002.7	0
435	3x	open_chromatin_state_2	15688.8	59804.1	0
436	3x	open_chromatin_state_2	6285.4	16615.1	0
437	3x	open_chromatin_state_2	35465.9	126116.3	0
438	3x	open_chromatin_state_2	33516.1	123079.9	0
439	3x	open_chromatin_state_2	24161.1	100371.7	0
440	3x	open_chromatin_state_2	17700.5	64392.3	0
441	3x	open_chromatin_state_2	16805.2	54953.9	0
442	3x	open_chromatin_state_2	2842.7	4808.8	0
443	3x	open_chromatin_state_2	31347.8	109273.8	0
444	3x	open_chromatin_state_2	7568.1	27587.6	0
445	3x	open_chromatin_state_2	7898.2	28958.9	0
446	3x	open_chromatin_state_2	6527.2	11744.4	0
447	3x	open_chromatin_state_2	13714.0	44316.9	0
448	3x	open_chromatin_state_2	28924.1	105377.2	0
449	3x	open_chromatin_state_2	12903.7	61509.6	0
450	3x	open_chromatin_state_2	6100.0	15896.2	0
451	3x	open_chromatin_state_2	28857.5	122868.2	0
452	3x	open_chromatin_state_2	9506.4	38193.1	0
453	3x	open_chromatin_state_2	6817.2	13705.2	0
454	3x	open_chromatin_state_2	33951.1	118717.6	0
455	3x	open_chromatin_state_2	30816.5	97977.9	0
456	3x	open_chromatin_state_2	24402.8	105097.1	0
457	3x	open_chromatin_state_2	25465.0	105709.5	0
458	3x	open_chromatin_state_2	10836.8	34073.6	0
459	3x	open_chromatin_state_2	9767.7	21044.3	0
460	3x	open_chromatin_state_2	16659.7	59747.1	0
461	3x	open_chromatin_state_2	13756.0	64834.8	0
462	3x	open_chromatin_state_2	19624.3	95460.5	0
463	3x	open_chromatin_state_2	32478.2	108639.5	0
464	3x	open_chromatin_state_2	6576.4	11922.9	0
465	3x	open_chromatin_state_2	16826.1	90193.7	0
466	3x	open_chromatin_state_2	22996.4	96247.6	0
467	3x	open_chromatin_state_2	5729.8	13622.1	0
468	3x	open_chromatin_state_2	4939.5	10415.5	0
469	3x	open_chromatin_state_2	9894.2	47258.4	0
470	3x	open_chromatin_state_2	17737.5	72211.3	0
471	3x	open_chromatin_state_2	11804.4	57160.7	0
472	3x	open_chromatin_state_2	14684.6	73615.1	0
473	3x	open_chromatin_state_2	7395.7	22470.2	0
474	3x	open_chromatin_state_2	24855.6	97603.9	0
475	3x	open_chromatin_state_2	13807.8	67508.8	0
476	3x	open_chromatin_state_2	20555.1	92939.4	0
477	3x	open_chromatin_state_2	3159.2	5027.3	0
478	3x	open_chromatin_state_2	3579.6	6434.6	0
479	3x	open_chromatin_state_2	18379.4	80246.6	0
480	3x	open_chromatin_state_2	10391.9	52634.2	0
481	3x	open_chromatin_state_2	32188.5	104217.6	0
482	3x	open_chromatin_state_2	24295.9	92547.3	0
483	3x	open_chromatin_state_2	8227.3	30438.6	0
484	3x	open_chromatin_state_2	16501.8	70849.8	0
485	3x	open_chromatin_state_2	15256.9	72025.6	0
486	3x	open_chromatin_state_2	15810.9	82164.5	0
487	3x	open_chromatin_state_2	15185.8	66978.7	0
488	3x	open_chromatin_state_2	16046.4	77456.1	0
489	3x	open_chromatin_state_2	29970.5	121118.1	0
490	3x	open_chromatin_state_2	12572.1	35446.1	0
491	3x	open_chromatin_state_2	33013.2	120139.1	0
492	3x	open_chromatin_state_2	22553.1	86320.9	0
493	3x	open_chromatin_state_2	18198.7	65472.0	0
494	3x	open_chromatin_state_2	6646.0	19691.0	0
495	3x	open_chromatin_state_2	16818.1	66355.1	0
496	3x	open_chromatin_state_2	5424.2	8457.4	0
497	3x	open_chromatin_state_2	17364.0	80915.8	0
498	3x	open_chromatin_state_2	5660.3	11426.1	0
499	3x	open_chromatin_state_2	32546.3	113614.5	0
500	3x	open_chromatin_state_2	19800.8	76039.5	0
501	3x	open_chromatin_state_2	43386.8	124027.2	0
502	3x	open_chromatin_state_2	22732.3	85866.2	0
503	3x	open_chromatin_state_2	15271.6	67814.1	0
504	3x	open_chromatin_state_2	5535.7	7740.9	0
505	3x	open_chromatin_state_2	6821.8	27582.7	0
506	3x	open_chromatin_state_2	14909.4	78310.6	0
507	3x	open_chromatin_state_2	21911.1	76730.1	0
508	3x	open_chromatin_state_2	14290.4	54607.2	0
509	3x	open_chromatin_state_2	11621.9	55624.6	0
510	3x	open_chromatin_state_2	19241.2	77244.0	0
511	3x	open_chromatin_state_2	82327.3	200538.2	0
512	3x	open_chromatin_state_2	8814.8	21525.9	0
513	3x	open_chromatin_state_2	23116.3	94487.7	0
514	3x	open_chromatin_state_2	3096.3	5585.2	0
515	3x	open_chromatin_state_2	17620.4	77966.8	0
516	3x	open_chromatin_state_2	38366.7	129683.9	0
517	3x	open_chromatin_state_2	18477.3	75075.3	0
518	3x	open_chromatin_state_2	27809.8	104028.3	0
519	3x	open_chromatin_state_2	24202.1	90242.5	0
520	3x	open_chromatin_state_2	23945.3	99416.5	0
521	3x	open_chromatin_state_2	18524.8	86326.5	0
522	3x	open_chromatin_state_2	15096.0	55011.8	0
523	3x	open_chromatin_state_2	8690.9	25617.5	0
524	3x	open_chromatin_state_2	3433.6	4243.3	0
525	3x	open_chromatin_state_2	25359.9	84275.9	0
526	3x	open_chromatin_state_2	3403.1	7219.4	0
527	3x	open_chromatin_state_2	15845.6	56123.2	0
528	3x	open_chromatin_state_2	18876.2	62406.5	0
529	3x	open_chromatin_state_2	12702.3	61645.7	0
530	3x	open_chromatin_state_2	2949.3	4182.5	0
531	3x	open_chromatin_state_2	23589.4	85814.6	0
532	3x	open_chromatin_state_2	11255.4	53193.7	0
533	3x	open_chromatin_state_2	20193.1	75000.5	0
534	3x	open_chromatin_state_2	14323.8	44411.9	0
535	3x	open_chromatin_state_2	20923.0	88409.8	0
536	3x	open_chromatin_state_2	33977.1	120322.1	0
537	3x	open_chromatin_state_2	20382.7	96404.7	0
538	3x	open_chromatin_state_2	25335.7	72450.2	0
539	3x	open_chromatin_state_2	9079.4	31085.2	0
540	3x	open_chromatin_state_2	20085.2	86597.7	0
541	3x	open_chromatin_state_2	9955.7	26903.8	0
542	3x	open_chromatin_state_2	24109.0	98043.1	0
543	3x	open_chromatin_state_2	27756.7	105008.0	0
544	3x	open_chromatin_state_2	15698.1	49762.7	0
545	3x	open_chromatin_state_2	3179.5	3965.9	0
546	3x	open_chromatin_state_2	20474.4	93067.3	0
547	3x	open_chromatin_state_2	7313.0	24400.8	0
548	3x	open_chromatin_state_2	10581.1	47039.4	0
549	3x	open_chromatin_state_2	3712.7	5104.6	0
550	3x	open_chromatin_state_2	2926.0	3717.8	0
551	3x	open_chromatin_state_2	10895.3	52487.5	0
552	3x	open_chromatin_state_2	8615.1	33339.8	0
553	3x	open_chromatin_state_2	15714.6	81300.0	0
554	3x	open_chromatin_state_2	33566.1	90001.2	0
555	3x	open_chromatin_state_2	10182.6	32728.9	0
556	3x	open_chromatin_state_2	16961.7	51347.8	0
557	3x	open_chromatin_state_2	32475.6	111082.9	0
558	3x	open_chromatin_state_2	11561.2	65060.4	0
559	3x	open_chromatin_state_2	2421.8	3058.9	0
560	3x	open_chromatin_state_2	29451.6	103227.8	0
561	3x	open_chromatin_state_2	18665.2	84927.6	0
562	3x	open_chromatin_state_2	18397.6	83890.8	0
563	3x	open_chromatin_state_2	14839.9	79823.2	0
564	3x	open_chromatin_state_2	11107.2	39043.6	0
565	3x	open_chromatin_state_2	5829.1	17842.3	0
566	3x	open_chromatin_state_2	19424.7	88665.3	0
567	3x	open_chromatin_state_2	5615.7	10092.4	0
568	3x	open_chromatin_state_2	2708.7	3010.6	0
569	3x	open_chromatin_state_2	50690.5	129282.9	0
570	3x	open_chromatin_state_2	5130.2	13358.7	0
571	3x	open_chromatin_state_2	2756.4	3904.8	0
572	3x	open_chromatin_state_2	23737.2	99719.6	0
573	3x	open_chromatin_state_2	26936.5	107889.7	0
574	3x	open_chromatin_state_2	15024.3	56981.6	0
575	3x	open_chromatin_state_2	5736.9	19459.3	0
576	3x	open_chromatin_state_2	25720.8	94006.6	0
577	3x	open_chromatin_state_2	33560.2	119167.4	0
578	3x	open_chromatin_state_2	16616.2	52098.0	0
579	3x	open_chromatin_state_2	61702.3	162765.2	0
580	3x	open_chromatin_state_2	20396.3	74722.2	0
581	3x	open_chromatin_state_2	20325.8	81454.9	0
582	3x	open_chromatin_state_2	24544.9	78602.6	0
583	3x	open_chromatin_state_2	34001.0	126779.6	0
584	3x	open_chromatin_state_2	21321.7	60109.3	0
585	3x	open_chromatin_state_2	30793.8	123668.7	0
586	3x	open_chromatin_state_2	32286.6	129810.0	0
587	3x	open_chromatin_state_2	20843.9	75977.7	0
588	3x	open_chromatin_state_2	53283.0	156738.8	0
589	3x	open_chromatin_state_2	15762.8	48517.9	0
590	3x	open_chromatin_state_2	29830.1	98971.5	0
591	3x	open_chromatin_state_2	6923.5	16774.3	0
592	3x	open_chromatin_state_2	25480.9	95565.7	0
593	3x	open_chromatin_state_2	17566.2	78774.1	0
594	3x	open_chromatin_state_2	33307.4	115085.5	0
595	3x	open_chromatin_state_2	41276.6	125956.7	0
596	3x	open_chromatin_state_2	32173.3	102693.6	0
597	3x	open_chromatin_state_2	4082.2	11482.8	0
598	3x	open_chromatin_state_2	24264.5	99698.6	0
599	3x	open_chromatin_state_2	4464.7	8337.0	0
600	3x	open_chromatin_state_2	15890.3	72677.6	0
601	3x	open_chromatin_state_2	25203.1	96948.7	0
602	3x	open_chromatin_state_2	21268.9	81212.1	0
603	3x	open_chromatin_state_2	18850.1	92151.5	0
604	3x	open_chromatin_state_2	9594.0	37918.8	0
605	3x	open_chromatin_state_2	14070.5	59164.0	0
606	3x	open_chromatin_state_2	17579.2	92444.1	0
607	3x	open_chromatin_state_2	12038.2	47132.5	0
608	3x	open_chromatin_state_2	32475.8	110848.7	0
609	3x	open_chromatin_state_2	11004.7	47525.0	0
610	3x	open_chromatin_state_2	9025.6	30611.2	0
611	3x	open_chromatin_state_2	35190.2	101128.4	0
612	3x	open_chromatin_state_2	11397.0	53484.2	0
613	3x	open_chromatin_state_2	15757.1	72020.7	0
614	3x	open_chromatin_state_2	31061.7	130542.2	0
615	3x	open_chromatin_state_2	15199.3	58508.6	0
616	3x	open_chromatin_state_2	4756.2	10809.3	0
617	3x	open_chromatin_state_2	33373.6	122353.9	0
618	3x	open_chromatin_state_2	28427.5	104557.6	0
619	3x	open_chromatin_state_2	35760.1	109128.7	0
620	3x	open_chromatin_state_2	5127.0	8407.2	0
621	3x	open_chromatin_state_2	11721.1	45290.8	0
622	3x	open_chromatin_state_2	9638.1	24537.1	0
623	3x	open_chromatin_state_2	25407.5	100626.6	0
624	3x	open_chromatin_state_2	10540.7	45235.8	0
625	3x	open_chromatin_state_2	17258.7	91519.8	0
626	3x	open_chromatin_state_2	3890.1	6193.8	0
627	3x	open_chromatin_state_2	20711.2	77367.6	0
628	3x	open_chromatin_state_2	24105.8	80908.4	0
629	3x	open_chromatin_state_2	9003.2	18111.6	0
630	3x	open_chromatin_state_2	6843.5	22447.2	0
631	3x	open_chromatin_state_2	14808.6	41271.8	0
632	3x	open_chromatin_state_2	4142.8	7700.5	0
633	3x	open_chromatin_state_2	13180.6	71185.1	0
634	3x	open_chromatin_state_2	54068.6	141550.1	0
635	3x	open_chromatin_state_2	53570.7	165952.4	0
636	3x	open_chromatin_state_2	12306.2	48882.4	0
637	3x	open_chromatin_state_2	6022.6	14713.7	0
638	3x	open_chromatin_state_2	5973.6	16615.2	0
639	3x	open_chromatin_state_2	3159.0	3193.8	0
640	3x	open_chromatin_state_2	27589.5	106460.2	0
641	3x	open_chromatin_state_2	20321.3	87629.6	0
642	3x	open_chromatin_state_2	35189.3	118413.5	0
643	3x	open_chromatin_state_2	38831.6	138455.7	0
644	3x	open_chromatin_state_2	22935.3	79718.2	0
645	3x	open_chromatin_state_2	9515.2	32233.7	0
646	3x	open_chromatin_state_2	8933.5	38098.4	0
647	3x	open_chromatin_state_2	24565.8	93461.8	0
648	3x	open_chromatin_state_2	16307.1	62843.8	0
649	3x	open_chromatin_state_2	6802.6	18736.4	0
650	3x	open_chromatin_state_2	26600.4	113982.3	0
651	3x	open_chromatin_state_2	18027.0	73612.9	0
652	3x	open_chromatin_state_2	24323.8	99900.7	0
653	3x	open_chromatin_state_2	20313.5	83640.1	0
654	3x	open_chromatin_state_2	17804.2	81689.0	0
655	3x	open_chromatin_state_2	28383.9	91505.6	0
656	3x	open_chromatin_state_2	19484.3	84470.5	0
657	3x	open_chromatin_state_2	8732.9	22149.7	0
658	3x	open_chromatin_state_2	12072.7	30633.1	0
659	3x	open_chromatin_state_2	32653.3	120182.6	0
660	3x	open_chromatin_state_2	11276.0	54242.2	0
661	3x	open_chromatin_state_2	36407.4	129660.9	0
662	3x	open_chromatin_state_2	11524.8	51765.2	0
663	3x	open_chromatin_state_2	3542.5	4529.2	0
664	3x	open_chromatin_state_2	36160.0	108567.3	0
665	3x	open_chromatin_state_2	14642.1	56382.3	0
666	3x	open_chromatin_state_2	43550.1	140736.2	0
667	3x	open_chromatin_state_2	24977.3	101843.4	0
668	3x	open_chromatin_state_2	12321.3	44511.3	0
669	3x	open_chromatin_state_2	18356.2	65567.5	0
670	3x	open_chromatin_state_2	3150.9	6250.1	0
671	3x	open_chromatin_state_2	13798.1	41851.7	0
672	3x	open_chromatin_state_2	15469.4	62597.9	0
673	3x	open_chromatin_state_2	20580.3	61267.5	0
674	3x	open_chromatin_state_2	22261.7	86113.7	0
675	3x	open_chromatin_state_2	22720.7	80446.8	0
676	3x	open_chromatin_state_2	17044.1	83783.2	0
677	3x	open_chromatin_state_2	15820.7	77211.1	0
678	3x	open_chromatin_state_2	30554.6	118654.5	0
679	3x	open_chromatin_state_2	7418.8	24897.1	0
680	3x	open_chromatin_state_2	25746.5	99765.8	0
681	3x	open_chromatin_state_2	27739.4	110941.8	0
682	3x	open_chromatin_state_2	19865.7	61754.6	0
683	3x	open_chromatin_state_2	10911.5	36086.3	0
684	3x	open_chromatin_state_2	42050.2	135515.3	0
685	3x	open_chromatin_state_2	23455.8	103832.4	0
686	3x	open_chromatin_state_2	36421.0	132512.2	0
687	3x	open_chromatin_state_2	34043.0	102930.9	0
688	3x	open_chromatin_state_2	14854.0	73264.4	0
689	3x	open_chromatin_state_2	21017.1	93854.0	0
690	3x	open_chromatin_state_2	27422.5	115223.4	0
691	3x	open_chromatin_state_2	41392.4	116550.7	0
692	3x	open_chromatin_state_2	13325.0	45649.6	0
693	3x	open_chromatin_state_2	22626.4	97552.2	0
694	3x	open_chromatin_state_2	21982.1	88032.5	0
695	3x	open_chromatin_state_2	20773.0	75507.0	0
696	3x	open_chromatin_state_2	32203.4	112184.0	0
697	3x	open_chromatin_state_2	36985.9	101923.6	0
698	3x	open_chromatin_state_2	30038.6	118925.6	0
699	3x	open_chromatin_state_2	11106.5	44305.4	0
700	3x	open_chromatin_state_2	9217.8	19323.6	0
701	3x	open_chromatin_state_2	14332.7	54289.7	0
702	3x	open_chromatin_state_2	39200.3	131488.6	0
703	3x	open_chromatin_state_2	22421.2	85048.9	0
704	3x	open_chromatin_state_2	18513.4	74313.8	0
705	3x	open_chromatin_state_2	8152.7	29079.8	0
706	3x	open_chromatin_state_2	25431.9	83871.5	0
707	3x	open_chromatin_state_2	13277.9	51242.5	0
708	3x	open_chromatin_state_2	6866.8	18379.4	0
709	3x	open_chromatin_state_2	35183.6	127991.9	0
710	3x	open_chromatin_state_2	4444.0	8641.0	0
711	3x	open_chromatin_state_2	42193.5	146626.0	0
712	3x	open_chromatin_state_2	18657.8	60848.9	0
713	3x	open_chromatin_state_2	10423.8	43698.1	0
714	3x	open_chromatin_state_2	6783.5	26428.2	0
715	3x	open_chromatin_state_2	17805.8	59570.6	0
716	3x	open_chromatin_state_2	3814.7	7158.0	0
717	3x	open_chromatin_state_2	39685.3	141866.9	0
718	3x	open_chromatin_state_2	16449.7	64138.6	0
719	3x	open_chromatin_state_2	37367.1	124588.5	0
720	3x	open_chromatin_state_2	12077.4	53682.2	0
721	3x	open_chromatin_state_2	24672.4	104454.7	0
722	3x	open_chromatin_state_2	3562.7	4920.4	0
723	3x	open_chromatin_state_2	36980.4	123379.9	0
724	3x	open_chromatin_state_2	26316.1	105466.3	0
725	3x	open_chromatin_state_2	10981.1	38293.9	0
726	3x	open_chromatin_state_2	32038.2	102833.4	0
727	3x	open_chromatin_state_2	41853.0	122870.6	0
728	3x	open_chromatin_state_2	37533.5	123092.2	0
729	3x	open_chromatin_state_2	27775.0	97301.8	0
730	3x	open_chromatin_state_2	22881.1	91551.2	0
731	3x	open_chromatin_state_2	24413.1	104681.5	0
732	3x	open_chromatin_state_2	6288.5	14961.3	0
733	3x	open_chromatin_state_2	7329.0	28520.9	0
734	3x	open_chromatin_state_2	29429.6	110958.5	0
735	3x	open_chromatin_state_2	21774.3	77616.0	0
736	3x	open_chromatin_state_2	17303.4	83751.6	0
737	3x	open_chromatin_state_2	26668.7	94675.9	0
738	3x	open_chromatin_state_2	25077.9	107862.7	0
739	3x	open_chromatin_state_2	13134.7	61325.7	0
740	3x	open_chromatin_state_2	45948.5	125377.2	0
741	3x	open_chromatin_state_2	11473.1	52466.6	0
742	3x	open_chromatin_state_2	28076.5	105004.1	0
743	3x	open_chromatin_state_2	8403.7	27199.6	0
744	3x	open_chromatin_state_2	26088.9	85596.5	0
745	3x	open_chromatin_state_2	10547.3	29629.3	0
746	3x	open_chromatin_state_2	16472.3	62007.9	0
747	3x	open_chromatin_state_2	19634.2	62277.7	0
748	3x	open_chromatin_state_2	14646.8	49246.5	0
749	3x	open_chromatin_state_2	29281.5	122250.4	0
750	3x	open_chromatin_state_2	18463.5	94245.3	0
751	3x	open_chromatin_state_2	9043.7	27507.1	0
752	3x	open_chromatin_state_2	29614.1	92761.0	0
753	3x	open_chromatin_state_2	15956.7	42035.8	0
754	3x	open_chromatin_state_2	15561.5	62206.2	0
755	3x	open_chromatin_state_2	30432.3	116985.3	0
756	3x	open_chromatin_state_2	20555.7	91224.5	0
757	3x	open_chromatin_state_2	15995.8	72613.7	0
758	3x	open_chromatin_state_2	59639.2	164934.1	0
759	3x	open_chromatin_state_2	5858.3	14204.8	0
760	3x	open_chromatin_state_2	26532.0	112372.9	0
761	3x	open_chromatin_state_2	32883.1	125123.5	0
762	3x	open_chromatin_state_2	27674.0	110202.5	0
763	3x	open_chromatin_state_2	32900.6	104687.6	0
764	3x	open_chromatin_state_2	20374.6	66578.6	0
765	3x	open_chromatin_state_2	14252.3	49110.8	0
766	3x	open_chromatin_state_2	5548.0	11428.2	0
767	3x	open_chromatin_state_2	35136.2	124767.3	0
768	3x	open_chromatin_state_2	51042.7	152828.7	0
769	3x	open_chromatin_state_2	36186.7	113293.3	0
770	3x	open_chromatin_state_2	9406.7	27553.2	0
771	3x	open_chromatin_state_2	10343.0	50540.8	0
772	3x	open_chromatin_state_2	26244.1	86864.3	0
773	3x	open_chromatin_state_2	8953.4	36589.0	0
774	3x	open_chromatin_state_2	15069.4	72452.3	0
775	3x	open_chromatin_state_2	7932.5	25750.5	0
776	3x	open_chromatin_state_2	33494.0	110404.9	0
777	3x	open_chromatin_state_2	33212.6	105019.3	0
778	3x	open_chromatin_state_2	34232.9	111183.1	0
779	3x	open_chromatin_state_2	4696.0	11396.4	0
780	3x	open_chromatin_state_2	28539.5	114167.0	0
781	3x	open_chromatin_state_2	5025.4	10870.8	0
782	3x	open_chromatin_state_2	23317.7	88551.2	0
783	3x	open_chromatin_state_2	3555.0	4183.3	0
784	3x	open_chromatin_state_2	9866.3	24429.3	0
785	3x	open_chromatin_state_2	18718.1	61500.0	0
786	3x	open_chromatin_state_2	15829.9	56075.4	0
787	3x	open_chromatin_state_2	16479.8	55308.2	0
788	3x	open_chromatin_state_2	7808.3	21210.5	0
789	3x	open_chromatin_state_2	11648.2	45376.7	0
790	3x	open_chromatin_state_2	12297.1	42726.7	0
791	3x	open_chromatin_state_2	30117.9	103524.0	0
792	3x	open_chromatin_state_2	12100.1	41418.7	0
793	3x	open_chromatin_state_2	15737.8	66763.4	0
794	3x	open_chromatin_state_2	29562.7	78668.3	0
795	3x	open_chromatin_state_2	22100.2	86703.7	0
796	3x	open_chromatin_state_2	5243.7	15976.4	0
797	3x	open_chromatin_state_2	9152.0	25307.0	0
798	3x	open_chromatin_state_2	20385.0	89889.2	0
799	3x	open_chromatin_state_2	27352.3	92010.9	0
800	3x	open_chromatin_state_2	35482.7	116042.1	0
801	3x	open_chromatin_state_2	15026.7	79231.5	0
802	3x	open_chromatin_state_2	16203.1	53301.1	0
803	3x	open_chromatin_state_2	23494.7	101233.0	0
804	3x	open_chromatin_state_2	15669.1	46294.9	0
805	3x	open_chromatin_state_2	6675.9	12785.8	0
806	3x	open_chromatin_state_2	7850.2	32172.2	0
807	3x	open_chromatin_state_2	21031.1	88044.7	0
808	3x	open_chromatin_state_2	32018.7	105018.4	0
809	3x	open_chromatin_state_2	10802.0	28425.0	0
810	3x	open_chromatin_state_2	5109.7	13642.3	0
811	3x	open_chromatin_state_2	24536.2	96337.6	0
812	3x	open_chromatin_state_2	15763.9	64982.5	0
813	3x	open_chromatin_state_2	3056.5	4071.2	0
814	3x	open_chromatin_state_2	11938.4	59760.9	0
815	3x	open_chromatin_state_2	18560.0	68816.3	0
816	3x	open_chromatin_state_2	43932.6	148349.6	0
817	3x	open_chromatin_state_2	22903.9	97227.4	0
818	3x	open_chromatin_state_2	5358.1	13368.6	0
819	3x	open_chromatin_state_2	17322.8	69702.1	0
820	3x	open_chromatin_state_2	25503.4	99288.9	0
821	3x	open_chromatin_state_2	25648.9	91087.9	0
822	3x	open_chromatin_state_2	29311.7	115502.3	0
823	3x	open_chromatin_state_2	5249.2	11693.1	0
824	3x	open_chromatin_state_2	12192.7	54214.8	0
825	3x	open_chromatin_state_2	19559.3	72470.8	0
826	3x	open_chromatin_state_2	28811.1	94944.6	0
827	3x	open_chromatin_state_2	22806.2	72759.1	0
828	3x	open_chromatin_state_2	9110.0	18083.6	0
829	3x	open_chromatin_state_2	11508.2	45378.1	0
830	3x	open_chromatin_state_2	32177.3	106435.5	0
831	3x	open_chromatin_state_2	28416.4	117370.8	0
832	3x	open_chromatin_state_2	8948.7	48569.7	0
833	3x	open_chromatin_state_2	24669.8	70453.0	0
834	3x	open_chromatin_state_2	6176.6	14013.8	0
835	3x	open_chromatin_state_2	25527.5	100926.4	0
836	3x	open_chromatin_state_2	32414.6	107387.5	0
837	3x	open_chromatin_state_2	14423.7	60540.0	0
838	3x	open_chromatin_state_2	3016.7	3614.6	0
839	3x	open_chromatin_state_2	10410.5	45794.5	0
840	3x	open_chromatin_state_2	22854.5	70669.3	0
841	3x	open_chromatin_state_2	17043.3	84432.7	0
842	3x	open_chromatin_state_2	21762.3	80557.2	0
843	3x	open_chromatin_state_2	18552.8	75675.9	0
844	3x	open_chromatin_state_2	9057.9	28814.9	0
845	3x	open_chromatin_state_2	6188.2	11851.8	0
846	3x	open_chromatin_state_2	8962.6	17528.3	0
847	3x	open_chromatin_state_2	21327.0	71924.9	0
848	3x	open_chromatin_state_2	11630.3	35407.3	0
849	3x	open_chromatin_state_2	5904.0	12703.2	0
850	3x	open_chromatin_state_2	11160.5	56019.7	0
851	3x	open_chromatin_state_2	17913.6	57090.0	0
852	3x	open_chromatin_state_2	14231.3	64703.3	0
853	3x	open_chromatin_state_2	20325.5	77200.8	0
854	3x	open_chromatin_state_2	11988.9	38886.3	0
855	3x	open_chromatin_state_2	20041.6	76673.7	0
856	3x	open_chromatin_state_2	3612.9	5084.2	0
857	3x	open_chromatin_state_2	7872.9	21079.4	0
858	3x	open_chromatin_state_2	36456.6	127282.1	0
859	3x	open_chromatin_state_2	26482.0	101261.0	0
860	3x	open_chromatin_state_2	16368.0	85365.8	0
861	3x	open_chromatin_state_2	21867.7	98058.1	0
862	3x	open_chromatin_state_2	16055.0	60367.6	0
863	3x	open_chromatin_state_2	45887.1	152950.6	0
864	3x	open_chromatin_state_2	6967.0	19702.1	0
865	3x	open_chromatin_state_2	24745.3	96593.2	0
866	3x	open_chromatin_state_2	12672.3	66291.9	0
867	3x	open_chromatin_state_2	5065.9	9940.3	0
868	3x	open_chromatin_state_2	13894.8	64211.4	0
869	3x	open_chromatin_state_2	64976.2	150102.0	0
870	3x	open_chromatin_state_2	21145.4	80514.1	0
871	3x	open_chromatin_state_2	5684.8	14535.3	0
872	3x	open_chromatin_state_2	33587.9	117533.8	0
873	3x	open_chromatin_state_2	15753.2	47597.3	0
874	3x	open_chromatin_state_2	7731.5	13984.0	0
875	3x	open_chromatin_state_2	3351.1	3534.5	0
876	3x	open_chromatin_state_2	3614.1	4555.0	0
877	3x	open_chromatin_state_2	27950.3	83005.1	0
878	3x	open_chromatin_state_2	6549.1	24024.5	0
879	3x	open_chromatin_state_2	4027.5	4667.6	0
880	3x	open_chromatin_state_2	6760.0	11401.5	0
881	3x	open_chromatin_state_2	2694.5	4017.8	0
882	3x	open_chromatin_state_2	29371.0	100225.3	0
883	3x	open_chromatin_state_2	16150.6	90000.4	0
884	3x	open_chromatin_state_2	6464.7	13701.1	0
885	3x	open_chromatin_state_2	41597.8	128493.2	0
886	3x	open_chromatin_state_2	16172.5	93425.4	0
887	3x	open_chromatin_state_2	34597.5	107895.8	0
888	3x	open_chromatin_state_2	9063.0	30778.4	0
889	3x	open_chromatin_state_2	25967.4	102928.6	0
890	3x	open_chromatin_state_2	12675.2	57983.3	0
891	3x	open_chromatin_state_2	18717.0	63178.1	0
892	3x	open_chromatin_state_2	48928.9	123831.7	0
893	3x	open_chromatin_state_2	5441.6	11741.6	0
894	3x	open_chromatin_state_2	14638.8	70859.7	0
895	3x	open_chromatin_state_2	15198.0	34102.0	0
896	3x	open_chromatin_state_2	18991.0	71309.4	0
897	3x	open_chromatin_state_2	11341.2	49549.6	0
898	3x	open_chromatin_state_2	16141.2	74290.5	0
899	3x	open_chromatin_state_2	46131.8	138787.8	0
900	3x	open_chromatin_state_2	19144.6	86999.6	0
901	3x	open_chromatin_state_2	13754.6	58457.6	0
902	3x	open_chromatin_state_2	20241.1	84614.9	0
903	3x	open_chromatin_state_2	14846.6	54814.0	0
904	3x	open_chromatin_state_2	9515.3	37511.1	0
905	3x	open_chromatin_state_2	35678.5	115886.2	0
906	3x	open_chromatin_state_2	4699.5	6735.6	0
907	3x	open_chromatin_state_2	27052.5	102006.0	0
908	3x	open_chromatin_state_2	5252.5	11933.5	0
909	3x	open_chromatin_state_2	22712.3	96643.3	0
910	3x	open_chromatin_state_2	19256.3	75784.2	0
911	3x	open_chromatin_state_2	8150.1	28735.2	0
912	3x	open_chromatin_state_2	10117.6	29753.9	0
913	3x	open_chromatin_state_2	17548.5	62917.4	0
914	3x	open_chromatin_state_2	8831.9	31935.4	0
915	3x	open_chromatin_state_2	14962.3	77780.2	0
916	3x	open_chromatin_state_2	20592.3	78627.1	0
917	3x	open_chromatin_state_2	5939.8	7744.7	0
918	3x	open_chromatin_state_2	14202.6	75736.0	0
919	3x	open_chromatin_state_2	13411.4	67777.3	0
920	3x	open_chromatin_state_2	22052.0	81405.2	0
921	3x	open_chromatin_state_2	10416.7	28857.3	0
922	3x	open_chromatin_state_2	5740.6	10796.3	0
923	3x	open_chromatin_state_2	31679.5	112458.9	0
924	3x	open_chromatin_state_2	19861.0	80039.9	0
925	3x	open_chromatin_state_2	20512.7	84015.4	0
926	3x	open_chromatin_state_2	3470.0	6947.9	0
927	3x	open_chromatin_state_2	20387.3	61893.4	0
928	3x	open_chromatin_state_2	11794.6	56491.0	0
929	3x	open_chromatin_state_2	18098.9	89207.5	0
930	3x	open_chromatin_state_2	7020.5	14065.0	0
931	3x	open_chromatin_state_2	26854.4	76142.4	0
932	3x	open_chromatin_state_2	28244.1	101437.9	0
933	3x	open_chromatin_state_2	8506.9	34408.7	0
934	3x	open_chromatin_state_2	19628.3	82439.0	0
935	3x	open_chromatin_state_2	15875.6	59882.0	0
936	3x	open_chromatin_state_2	24546.9	92984.6	0
937	3x	open_chromatin_state_2	18293.7	82120.6	0
938	3x	open_chromatin_state_2	12542.2	37570.7	0
939	3x	open_chromatin_state_2	29416.9	94133.3	0
940	3x	open_chromatin_state_2	43210.6	138300.0	0
941	3x	open_chromatin_state_2	12945.6	46578.5	0
942	3x	open_chromatin_state_2	21955.6	84767.0	0
943	3x	open_chromatin_state_2	48549.4	124714.3	0
944	3x	open_chromatin_state_2	4443.0	7132.4	0
945	3x	open_chromatin_state_2	12283.9	54830.2	0
946	3x	open_chromatin_state_2	15497.3	77673.6	0
947	3x	open_chromatin_state_2	6778.8	11340.4	0
948	3x	open_chromatin_state_2	2705.4	3209.0	0
949	3x	open_chromatin_state_2	6291.2	19011.9	0
950	3x	open_chromatin_state_2	5923.2	15368.1	0
951	3x	open_chromatin_state_2	9704.9	34177.7	0
952	3x	open_chromatin_state_2	23981.9	107298.5	0
953	3x	open_chromatin_state_2	25676.7	84985.9	0
954	3x	open_chromatin_state_2	36443.5	103998.3	0
955	3x	open_chromatin_state_2	15655.5	88222.8	0
956	3x	open_chromatin_state_2	7367.2	29485.6	0
957	3x	open_chromatin_state_2	27062.8	83303.9	0
958	3x	open_chromatin_state_2	14531.8	57317.1	0
959	3x	open_chromatin_state_2	31980.2	104811.1	0
960	3x	open_chromatin_state_2	15812.8	64420.9	0
961	3x	open_chromatin_state_2	23049.3	84990.3	0
962	3x	open_chromatin_state_2	30340.6	101433.7	0
963	3x	open_chromatin_state_2	19117.7	77557.1	0
964	3x	open_chromatin_state_2	20834.3	91440.8	0
965	3x	open_chromatin_state_2	14832.1	46726.3	0
966	3x	open_chromatin_state_2	7537.2	20791.3	0
967	3x	open_chromatin_state_2	18390.9	68823.6	0
968	3x	open_chromatin_state_2	20178.0	81315.1	0
969	3x	open_chromatin_state_2	4139.1	6790.8	0
970	3x	open_chromatin_state_2	26727.2	107311.5	0
971	3x	open_chromatin_state_2	13186.7	37655.2	0
972	3x	open_chromatin_state_2	25753.9	99251.8	0
973	3x	open_chromatin_state_2	15061.5	71257.6	0
974	3x	open_chromatin_state_2	17818.3	71130.1	0
975	3x	open_chromatin_state_2	28339.8	104678.5	0
976	3x	open_chromatin_state_2	27452.6	105476.0	0
977	3x	open_chromatin_state_2	3050.0	3283.6	0
978	3x	open_chromatin_state_2	14479.2	63615.9	0
979	3x	open_chromatin_state_2	30946.8	128745.3	0
980	3x	open_chromatin_state_2	7226.6	13554.4	0
981	3x	open_chromatin_state_2	15722.0	68490.9	0
982	3x	open_chromatin_state_2	13599.2	71848.9	0
983	3x	open_chromatin_state_2	4549.1	6292.1	0
984	3x	open_chromatin_state_2	11588.3	48305.6	0
985	3x	open_chromatin_state_2	12434.0	57475.7	0
986	3x	open_chromatin_state_2	11436.2	40068.4	0
987	3x	open_chromatin_state_2	32310.6	123031.0	0
988	3x	open_chromatin_state_2	28279.7	115956.9	0
989	3x	open_chromatin_state_2	35130.2	121199.3	0
990	3x	open_chromatin_state_2	8596.6	21267.3	0
991	3x	open_chromatin_state_2	11786.7	53712.8	0
992	3x	open_chromatin_state_2	29177.6	106005.2	0
993	3x	open_chromatin_state_2	31695.7	119843.8	0
994	3x	open_chromatin_state_2	12495.6	47206.6	0
995	3x	open_chromatin_state_2	32408.1	105036.9	0
996	3x	open_chromatin_state_2	4485.0	6205.7	0
997	3x	open_chromatin_state_2	6475.1	12433.2	0
998	3x	open_chromatin_state_2	25709.2	101377.9	0
999	3x	open_chromatin_state_2	6308.5	12832.8	0
1000	3x	open_chromatin_state_2	34051.3	86845.2	0
